<nav search_view="search" color="#551A8B">
   <view name="license_manager__main" default='true' >License Manager Main</view>
    <view name="detailed_software_usage" >Detailed Software Investigator</view>
     <view name="software_usage_durations" >Software Usage Durations</view>
  <view name="returned_licenses" >Idle Licenses</view>
   <view name="flexlm_timeline" >Timeline</view>
  <view name="denial_usage_investigator" >Denial Usage Investigator</view>
  <view name="search"  />
  <view name="reports" />
  <view name="alerts" />
  <view name="dashboards" />
</nav>
